{
  "hash": "9a5f5b5e",
  "configHash": "97000dd9",
  "lockfileHash": "1cda773c",
  "browserHash": "88a2f96b",
  "optimized": {
    "@angular/animations": {
      "src": "../../../../../node_modules/@angular/animations/fesm2022/animations.mjs",
      "file": "@angular_animations.js",
      "fileHash": "e25cce22",
      "needsInterop": false
    },
    "@angular/common/http": {
      "src": "../../../../../node_modules/@angular/common/fesm2022/http.mjs",
      "file": "@angular_common_http.js",
      "fileHash": "77ade9cc",
      "needsInterop": false
    },
    "@angular/core": {
      "src": "../../../../../node_modules/@angular/core/fesm2022/core.mjs",
      "file": "@angular_core.js",
      "fileHash": "45e87618",
      "needsInterop": false
    },
    "@angular/forms": {
      "src": "../../../../../node_modules/@angular/forms/fesm2022/forms.mjs",
      "file": "@angular_forms.js",
      "fileHash": "1e95fc44",
      "needsInterop": false
    },
    "@angular/platform-browser": {
      "src": "../../../../../node_modules/@angular/platform-browser/fesm2022/platform-browser.mjs",
      "file": "@angular_platform-browser.js",
      "fileHash": "bd086778",
      "needsInterop": false
    },
    "@angular/router": {
      "src": "../../../../../node_modules/@angular/router/fesm2022/router.mjs",
      "file": "@angular_router.js",
      "fileHash": "a28a3d60",
      "needsInterop": false
    }
  },
  "chunks": {
    "chunk-C36RUUPU": {
      "file": "chunk-C36RUUPU.js"
    },
    "chunk-NXDD4SPE": {
      "file": "chunk-NXDD4SPE.js"
    },
    "chunk-F6LVW7R5": {
      "file": "chunk-F6LVW7R5.js"
    },
    "chunk-RYHD5GLD": {
      "file": "chunk-RYHD5GLD.js"
    }
  }
}